
	<!DOCTYPE project [
		<!ELEMENT project (objectids-table | current-scenario | duration | aggregation-period | truncated-mean | percentile)* >
	
		<!ELEMENT objectids-table (objectids-entry)* >
		<!ELEMENT objectids-entry (#PCDATA)>
		<!ELEMENT duration (#PCDATA)>
		<!ELEMENT truncated-mean (#PCDATA)>
		<!ELEMENT percentile (#PCDATA)>
		<!ELEMENT aggregation-period (#PCDATA)>
		<!ELEMENT current-scenario (#PCDATA)>
		<!ATTLIST duration
		    value CDATA #REQUIRED>
	    <!ATTLIST aggregation-period
		    value CDATA #REQUIRED>
		<!ATTLIST objectids-entry
		    objectid CDATA #REQUIRED
		    type CDATA #REQUIRED
		    value CDATA #REQUIRED
		    key CDATA #REQUIRED>
		<!ATTLIST truncated-mean
		    centered-interval CDATA #REQUIRED
		    percentage CDATA #REQUIRED>
		 <!ATTLIST percentile
		    percentage CDATA #REQUIRED>
	]>


<!--****** RUNTIME PROJECT ******--><project>
<!--****** CURRENT SCENARIO ******-->
<current-scenario>PetstoreScenario</current-scenario>
<!--****** OBJECTIDS ******-->
<objectids-table>
<objectids-entry key="" objectid="0" type="LG_HOST" value="localhost:7100"/>
<objectids-entry key="" objectid="1" type="ZONE" value="Zone par défaut"/>
<objectids-entry key="Zone par défaut¤Petstore¤" objectid="2" type="POPULATION" value="Petstore"/>
<objectids-entry key="Zone par défaut¤Petstore¤Buyer" objectid="48" type="VIRTUAL_USER" value="Buyer"/>
<objectids-entry key="Zone par défaut¤Petstore¤Buyer" objectid="49" type="BASIC_LOGICAL_CONTAINER" value="$parent=Buyer;$index=0"/>
<objectids-entry key="Zone par défaut¤Petstore¤Buyer" objectid="50" type="BASIC_LOGICAL_CONTAINER" value="$parent=Buyer;$index=1"/>
<objectids-entry key="Zone par défaut¤Petstore¤Buyer" objectid="51" type="BASIC_LOGICAL_CONTAINER" value="399dfbd7-4746-4c52-9d10-697c6afba5f4"/>
<objectids-entry key="Zone par défaut¤Petstore¤Buyer" objectid="52" type="HTTP_PAGE" value="a4c4a8b8-8d41-4008-aae3-93c18edc0881"/>
<objectids-entry key="Zone par défaut¤Petstore¤Buyer" objectid="53" type="ACTION" value="23a539f5-8869-4c79-9420-9d43f277cfeb"/>
<objectids-entry key="Zone par défaut¤Petstore¤Buyer" objectid="54" type="HTTP_PAGE" value="1e44d541-7ed0-462f-9f58-e3e9976e4e74"/>
<objectids-entry key="Zone par défaut¤Petstore¤Buyer" objectid="55" type="ACTION" value="752eb784-6500-4ff7-928b-93e88481909d"/>
<objectids-entry key="Zone par défaut¤Petstore¤Buyer" objectid="56" type="BASIC_LOGICAL_CONTAINER" value="91919019-7d51-46d4-adec-1d576a50dbb0"/>
<objectids-entry key="Zone par défaut¤Petstore¤Buyer" objectid="57" type="HTTP_PAGE" value="6c625164-0997-466d-a44d-ea8cb3d52046"/>
<objectids-entry key="Zone par défaut¤Petstore¤Buyer" objectid="58" type="ACTION" value="5b688c47-5353-4d18-bdd8-739f37aa5836"/>
<objectids-entry key="Zone par défaut¤Petstore¤Buyer" objectid="59" type="ACTION" value="7653e0dd-fd39-41cb-b70d-ea12e4cd11f3"/>
<objectids-entry key="Zone par défaut¤Petstore¤Buyer" objectid="60" type="ACTION" value="2150f963-40da-40a4-b171-4dff4e79eb4e"/>
<objectids-entry key="Zone par défaut¤Petstore¤Buyer" objectid="61" type="BASIC_LOGICAL_CONTAINER" value="910c9374-5d7f-44dc-88b3-996d1b66d10d"/>
<objectids-entry key="Zone par défaut¤Petstore¤Buyer" objectid="62" type="HTTP_PAGE" value="3d4ea705-8b4a-4161-a053-c5aa10da960a"/>
<objectids-entry key="Zone par défaut¤Petstore¤Buyer" objectid="63" type="ACTION" value="d9e7c3ab-f57a-4771-8efe-8c66411f0fc4"/>
<objectids-entry key="Zone par défaut¤Petstore¤Buyer" objectid="64" type="ACTION" value="c3ede402-12ff-457b-8efb-87d6c7497c94"/>
<objectids-entry key="Zone par défaut¤Petstore¤Buyer" objectid="65" type="ACTION" value="14ffbe63-2e82-4153-840e-536d7c18818e"/>
<objectids-entry key="Zone par défaut¤Petstore¤Buyer" objectid="66" type="ACTION" value="0a5c0ea2-079c-409f-85e7-3b82541619f6"/>
<objectids-entry key="Zone par défaut¤Petstore¤Buyer" objectid="67" type="BASIC_LOGICAL_CONTAINER" value="fb4ba14e-9d07-47b5-b241-afff8ad94d62"/>
<objectids-entry key="Zone par défaut¤Petstore¤Buyer" objectid="68" type="HTTP_PAGE" value="c537e4bd-9cb6-47a0-9910-09b948f10425"/>
<objectids-entry key="Zone par défaut¤Petstore¤Buyer" objectid="69" type="ACTION" value="2cf96bdc-583c-4821-8ee7-46786c6d4f21"/>
<objectids-entry key="Zone par défaut¤Petstore¤Buyer" objectid="70" type="BASIC_LOGICAL_CONTAINER" value="57f2143b-39e4-42c1-9c64-9593c58681dc"/>
<objectids-entry key="Zone par défaut¤Petstore¤Buyer" objectid="71" type="HTTP_PAGE" value="9b037c1c-92f7-4416-9da0-2e2bad0664a0"/>
<objectids-entry key="Zone par défaut¤Petstore¤Buyer" objectid="72" type="ACTION" value="29958f34-98d1-4fb3-b589-be832ff6c7da"/>
<objectids-entry key="Zone par défaut¤Petstore¤Buyer" objectid="73" type="BASIC_LOGICAL_CONTAINER" value="73556b61-1ada-4710-a630-ce639c2e2d7a"/>
<objectids-entry key="Zone par défaut¤Petstore¤Buyer" objectid="74" type="HTTP_PAGE" value="6c60411d-6699-474c-aace-f123d8503f57"/>
<objectids-entry key="Zone par défaut¤Petstore¤Buyer" objectid="75" type="ACTION" value="17b5c207-86fa-405c-90dd-1739d282ee51"/>
<objectids-entry key="Zone par défaut¤Petstore¤Buyer" objectid="76" type="ACTION" value="099d5159-dd1b-4e4e-a3ef-ed321f440155"/>
<objectids-entry key="Zone par défaut¤Petstore¤Buyer" objectid="77" type="BASIC_LOGICAL_CONTAINER" value="f9154131-ab3a-4418-878d-3447bfbb7af8"/>
<objectids-entry key="Zone par défaut¤Petstore¤Buyer" objectid="78" type="HTTP_PAGE" value="2346b712-a04f-477e-91ea-2aab77640a3c"/>
<objectids-entry key="Zone par défaut¤Petstore¤Buyer" objectid="79" type="ACTION" value="7452af8c-1a97-481f-91de-d64b3a7e828e"/>
<objectids-entry key="Zone par défaut¤Petstore¤Buyer" objectid="80" type="BASIC_LOGICAL_CONTAINER" value="6ca9fc5b-8d75-4ed3-aa55-1b3ee3946b31"/>
<objectids-entry key="Zone par défaut¤Petstore¤Buyer" objectid="81" type="HTTP_PAGE" value="904db051-018f-467d-a517-22b2272e0a8f"/>
<objectids-entry key="Zone par défaut¤Petstore¤Buyer" objectid="82" type="ACTION" value="94cf5bc9-463a-47ee-ac41-7a1b7b4b9f0c"/>
<objectids-entry key="Zone par défaut¤Petstore¤Buyer" objectid="83" type="ACTION" value="cd7fd5d3-9264-4a53-b67a-53e36a61fb75"/>
<objectids-entry key="Zone par défaut¤Petstore¤Buyer" objectid="84" type="HTTP_PAGE" value="87d3b83f-10d9-4157-9bbb-6832afd5141f"/>
<objectids-entry key="Zone par défaut¤Petstore¤Buyer" objectid="85" type="ACTION" value="396e441e-5c7d-4d7f-b364-e2093367a6f4"/>
<objectids-entry key="Zone par défaut¤Petstore¤Buyer" objectid="86" type="DELAY" value="b3e5463c-f9eb-409d-a06a-8f0d713b3a3c"/>
<objectids-entry key="Zone par défaut¤Petstore¤Buyer" objectid="87" type="HTTP_PAGE" value="3aba6554-874b-4fd4-bad8-d21f6d4cd045"/>
<objectids-entry key="Zone par défaut¤Petstore¤Buyer" objectid="88" type="ACTION" value="d4ddba34-a839-4680-9fdf-3a5d2bc92079"/>
<objectids-entry key="Zone par défaut¤Petstore¤Buyer" objectid="89" type="BASIC_LOGICAL_CONTAINER" value="feb586fc-d0fc-4dbe-ae5e-39d7ed45e8bf"/>
<objectids-entry key="Zone par défaut¤Petstore¤Buyer" objectid="90" type="HTTP_PAGE" value="e3cacf36-c6be-4020-bd4c-17a7b25c3151"/>
<objectids-entry key="Zone par défaut¤Petstore¤Buyer" objectid="91" type="ACTION" value="07bd6854-367f-4221-a552-e0dc93f2f947"/>
<objectids-entry key="Zone par défaut¤Petstore¤Buyer" objectid="92" type="BASIC_LOGICAL_CONTAINER" value="$parent=Buyer;$index=2"/>
<objectids-entry key="Zone par défaut¤Petstore¤Searcher_trycatch" objectid="116" type="VIRTUAL_USER" value="Searcher_trycatch"/>
<objectids-entry key="Zone par défaut¤Petstore¤Searcher_trycatch" objectid="117" type="BASIC_LOGICAL_CONTAINER" value="$parent=Searcher_trycatch;$index=0"/>
<objectids-entry key="Zone par défaut¤Petstore¤Searcher_trycatch" objectid="118" type="BASIC_LOGICAL_CONTAINER" value="$parent=Searcher_trycatch;$index=1"/>
<objectids-entry key="Zone par défaut¤Petstore¤Searcher_trycatch" objectid="119" type="BASIC_LOGICAL_CONTAINER" value="ad977e9f-d5af-4fe1-82f9-e7d07daaabc0"/>
<objectids-entry key="Zone par défaut¤Petstore¤Searcher_trycatch" objectid="120" type="HTTP_PAGE" value="ca635958-2fcc-4fc2-8920-46bd5191ed0d"/>
<objectids-entry key="Zone par défaut¤Petstore¤Searcher_trycatch" objectid="121" type="ACTION" value="3000a1d6-bda2-4802-b958-c4ce688c5e97"/>
<objectids-entry key="Zone par défaut¤Petstore¤Searcher_trycatch" objectid="122" type="HTTP_PAGE" value="7d006f6c-31c7-47a4-b9d9-c0915a6432dd"/>
<objectids-entry key="Zone par défaut¤Petstore¤Searcher_trycatch" objectid="123" type="ACTION" value="33d94be2-87ef-4682-964c-9a87c210ef0d"/>
<objectids-entry key="Zone par défaut¤Petstore¤Searcher_trycatch" objectid="124" type="LOOP" value="2f9684f0-8e07-484d-976d-ade489eb872c"/>
<objectids-entry key="Zone par défaut¤Petstore¤Searcher_trycatch" objectid="125" type="BASIC_LOGICAL_CONTAINER" value="5c465e7d-7613-43e5-940c-51afe6104e32"/>
<objectids-entry key="Zone par défaut¤Petstore¤Searcher_trycatch" objectid="126" type="HTTP_PAGE" value="dc8abba6-9233-406c-b9ff-021ad35fcb51"/>
<objectids-entry key="Zone par défaut¤Petstore¤Searcher_trycatch" objectid="127" type="ACTION" value="d07f5218-7af6-4a1e-a3fd-53ae3c99c386"/>
<objectids-entry key="Zone par défaut¤Petstore¤Searcher_trycatch" objectid="128" type="ACTION" value="7f25d607-958d-4a9b-9e0e-1bda6080e697"/>
<objectids-entry key="Zone par défaut¤Petstore¤Searcher_trycatch" objectid="129" type="TRY" value="a7b1132e-c6cc-4c36-b3d5-87ea6ef72191"/>
<objectids-entry key="Zone par défaut¤Petstore¤Searcher_trycatch" objectid="130" type="BASIC_LOGICAL_CONTAINER" value="$parent=a7b1132e-c6cc-4c36-b3d5-87ea6ef72191;$index=0"/>
<objectids-entry key="Zone par défaut¤Petstore¤Searcher_trycatch" objectid="131" type="BASIC_LOGICAL_CONTAINER" value="bd9e29d8-dc5f-4e91-8fc4-06fc7fd8519f"/>
<objectids-entry key="Zone par défaut¤Petstore¤Searcher_trycatch" objectid="132" type="HTTP_PAGE" value="296eead8-69d2-4c9d-a5ed-6a25a9c9b9a2"/>
<objectids-entry key="Zone par défaut¤Petstore¤Searcher_trycatch" objectid="133" type="ACTION" value="d90766e0-fd0b-4fd2-980c-c86c398dd03a"/>
<objectids-entry key="Zone par défaut¤Petstore¤Searcher_trycatch" objectid="134" type="HTTP_PAGE" value="aab2b1a9-8a89-4aeb-bc4e-c4d5ee5b46a1"/>
<objectids-entry key="Zone par défaut¤Petstore¤Searcher_trycatch" objectid="135" type="ACTION" value="19853d43-3c83-4e76-9500-277ca8d6f6f2"/>
<objectids-entry key="Zone par défaut¤Petstore¤Searcher_trycatch" objectid="136" type="BASIC_LOGICAL_CONTAINER" value="$parent=a7b1132e-c6cc-4c36-b3d5-87ea6ef72191;$index=1"/>
<objectids-entry key="Zone par défaut¤Petstore¤Searcher_trycatch" objectid="137" type="STOP_VU" value="df609cfa-6ea9-4bbb-b8dd-a70779179a53"/>
<objectids-entry key="Zone par défaut¤Petstore¤Searcher_trycatch" objectid="138" type="BASIC_LOGICAL_CONTAINER" value="$parent=Searcher_trycatch;$index=2"/>
<objectids-entry key="¤¤" objectid="139" type="MONITORED_HOST" value="3.8.187.97"/>
<objectids-entry key="¤¤" objectid="140" type="MONITORCONNECTION" value="3.8.187.97$mysql"/>
<objectids-entry key="¤¤" objectid="141" type="MONITOR" value="3.8.187.97$mysql$Connections/ threads connected"/>
<objectids-entry key="¤¤" objectid="142" type="MONITOR" value="3.8.187.97$mysql$Connections/ aborted clients"/>
<objectids-entry key="¤¤" objectid="143" type="THRESHOLD" value="3.8.187.97$mysql$e8042e6d-f6df-48cb-9a57-6fc7cb4a6e4e"/>
<objectids-entry key="¤¤" objectid="144" type="MONITOR" value="3.8.187.97$mysql$Connections/ aborted connects"/>
<objectids-entry key="¤¤" objectid="145" type="THRESHOLD" value="3.8.187.97$mysql$cb500a1e-d9a9-4e66-9404-07f9ecad1782"/>
<objectids-entry key="¤¤" objectid="146" type="MONITOR" value="3.8.187.97$mysql$Connections/ max used"/>
<objectids-entry key="¤¤" objectid="147" type="MONITOR" value="3.8.187.97$mysql$Select Rates/ select full join"/>
<objectids-entry key="¤¤" objectid="148" type="THRESHOLD" value="3.8.187.97$mysql$056a33b9-4ed2-4563-b4ed-aebf255c0b78"/>
<objectids-entry key="¤¤" objectid="149" type="MONITOR" value="3.8.187.97$mysql$Select Rates/ select range check"/>
<objectids-entry key="¤¤" objectid="150" type="MONITOR" value="3.8.187.97$mysql$Read Rates/ handler read random"/>
<objectids-entry key="¤¤" objectid="151" type="MONITOR" value="3.8.187.97$mysql$Read Rates/ handler read random next"/>
<objectids-entry key="¤¤" objectid="152" type="MONITOR" value="3.8.187.97$mysql$Key Rates/ key reads (disk)"/>
<objectids-entry key="¤¤" objectid="153" type="MONITOR" value="3.8.187.97$mysql$Key Rates/ key writes (disk)"/>
<objectids-entry key="¤¤" objectid="154" type="MONITOR" value="3.8.187.97$mysql$Commands Rates/ handler rollback"/>
<objectids-entry key="¤¤" objectid="155" type="MONITOR" value="3.8.187.97$mysql$Commands Rates/ handler savepoint rollback"/>
<objectids-entry key="¤¤" objectid="156" type="MONITOR" value="3.8.187.97$mysql$Tables/ table locks waited"/>
<objectids-entry key="¤¤" objectid="157" type="THRESHOLD" value="3.8.187.97$mysql$acece073-8548-4417-8cc1-f768b7205622"/>
<objectids-entry key="¤¤" objectid="158" type="MONITOR" value="3.8.187.97$mysql$Memory/ % key buffer size"/>
<objectids-entry key="¤¤" objectid="159" type="THRESHOLD" value="3.8.187.97$mysql$9edd61e2-9a29-493a-aff9-e8a44e306165"/>
<objectids-entry key="¤¤" objectid="160" type="MONITOR" value="3.8.187.97$mysql$Misc./ slow queries"/>
<objectids-entry key="¤¤" objectid="161" type="THRESHOLD" value="3.8.187.97$mysql$fe30fe73-7478-4a19-9a56-cefe7c3c3d23"/>
<objectids-entry key="¤¤" objectid="162" type="MONITOR" value="3.8.187.97$mysql$Misc./ slow launch threads"/>
<objectids-entry key="¤¤" objectid="163" type="MONITOR" value="3.8.187.97$mysql$Misc./ sort merge passes"/>
<objectids-entry key="¤¤" objectid="164" type="THRESHOLD" value="3.8.187.97$mysql$1a569727-61e8-4ef9-89c3-8b3defad476a"/>
<objectids-entry key="¤¤" objectid="165" type="MONITOR" value="3.8.187.97$mysql$Misc./ not flushed delayed rows"/>
<objectids-entry key="¤¤" objectid="166" type="MONITOR" value="3.8.187.97$mysql$Description/ Database Version"/>
<objectids-entry key="¤¤" objectid="167" type="MONITORCONNECTION" value="3.8.187.97$http-apache"/>
<objectids-entry key="¤¤" objectid="168" type="MONITORCONNECTION" value="3.8.187.97$tomcat"/>
<objectids-entry key="¤¤" objectid="169" type="MONITOR" value="3.8.187.97$tomcat$Session/localhost//jpetstore/activeSessions"/>
<objectids-entry key="¤¤" objectid="170" type="MONITOR" value="3.8.187.97$tomcat$Session/localhost//jpetstore/rejectedSessions"/>
<objectids-entry key="¤¤" objectid="171" type="MONITOR" value="3.8.187.97$tomcat$Session/localhost//jpetstore/% rejectedSessions"/>
<objectids-entry key="¤¤" objectid="172" type="THRESHOLD" value="3.8.187.97$tomcat$13dc4493-4d6d-4c72-a1b9-cc53ee1f83a4"/>
<objectids-entry key="¤¤" objectid="173" type="MONITOR" value="3.8.187.97$tomcat$Session/localhost//jpetstore/expiredSessions"/>
<objectids-entry key="¤¤" objectid="174" type="MONITOR" value="3.8.187.97$tomcat$RequestProcessor/-ajp-bio-127.0.0.1-8009-/errorCount"/>
<objectids-entry key="¤¤" objectid="175" type="MONITOR" value="3.8.187.97$tomcat$RequestProcessor/-ajp-bio-127.0.0.1-8009-/% errorCount"/>
<objectids-entry key="¤¤" objectid="176" type="THRESHOLD" value="3.8.187.97$tomcat$f85fdfef-b1b1-4fc3-b0e4-6ec800001cd7"/>
<objectids-entry key="¤¤" objectid="177" type="MONITOR" value="3.8.187.97$tomcat$RequestProcessor/-http-bio-8080-/errorCount"/>
<objectids-entry key="¤¤" objectid="178" type="MONITOR" value="3.8.187.97$tomcat$RequestProcessor/-http-bio-8080-/% errorCount"/>
<objectids-entry key="¤¤" objectid="179" type="THRESHOLD" value="3.8.187.97$tomcat$338cb89d-7e78-439b-8ad7-58c2127d6dfe"/>
<objectids-entry key="¤¤" objectid="180" type="MONITOR" value="3.8.187.97$tomcat$DataSource/localhost//jpetstore/javax.sql.DataSource/-jdbc/jpetstore1-/numActive"/>
<objectids-entry key="¤¤" objectid="181" type="MONITOR" value="3.8.187.97$tomcat$DataSource/localhost//jpetstore/javax.sql.DataSource/-jdbc/jpetstore1-/% numActive"/>
<objectids-entry key="¤¤" objectid="182" type="THRESHOLD" value="3.8.187.97$tomcat$f259ed07-e95a-41b3-b50f-be852349936e"/>
<objectids-entry key="¤¤" objectid="183" type="MONITOR" value="3.8.187.97$tomcat$DataSource/localhost//jpetstore/javax.sql.DataSource/-jdbc/jpetstore1-/numIdle"/>
<objectids-entry key="¤¤" objectid="184" type="MONITOR" value="3.8.187.97$tomcat$DataSource/localhost//jpetstore/javax.sql.DataSource/-jdbc/jpetstore1-/poolConfiguration"/>
<objectids-entry key="¤¤" objectid="185" type="MONITOR" value="3.8.187.97$tomcat$ThreadPool/-ajp-bio-127.0.0.1-8009-/currentThreadsBusy"/>
<objectids-entry key="¤¤" objectid="186" type="MONITOR" value="3.8.187.97$tomcat$ThreadPool/-ajp-bio-127.0.0.1-8009-/% currentThreadsBusy"/>
<objectids-entry key="¤¤" objectid="187" type="THRESHOLD" value="3.8.187.97$tomcat$3033c97f-d48b-45a0-802c-815e3d23db81"/>
<objectids-entry key="¤¤" objectid="188" type="MONITOR" value="3.8.187.97$tomcat$ThreadPool/-ajp-bio-127.0.0.1-8009-/threadsConfiguration"/>
<objectids-entry key="¤¤" objectid="189" type="MONITOR" value="3.8.187.97$tomcat$ThreadPool/-http-bio-8080-/currentThreadsBusy"/>
<objectids-entry key="¤¤" objectid="190" type="MONITOR" value="3.8.187.97$tomcat$ThreadPool/-http-bio-8080-/% currentThreadsBusy"/>
<objectids-entry key="¤¤" objectid="191" type="THRESHOLD" value="3.8.187.97$tomcat$2ad41027-8559-43fe-9e0b-a2c5e9e089e8"/>
<objectids-entry key="¤¤" objectid="192" type="MONITOR" value="3.8.187.97$tomcat$ThreadPool/-http-bio-8080-/threadsConfiguration"/>
<objectids-entry key="¤¤" objectid="193" type="MONITOR" value="3.8.187.97$tomcat$VM/Memory/Used"/>
<objectids-entry key="¤¤" objectid="194" type="MONITOR" value="3.8.187.97$tomcat$VM/Memory/% Used"/>
<objectids-entry key="¤¤" objectid="195" type="THRESHOLD" value="3.8.187.97$tomcat$28f7f760-0306-4e71-8fcf-2cabec4914c8"/>
<objectids-entry key="¤¤" objectid="196" type="MONITOR" value="3.8.187.97$tomcat$VM/Memory/Max"/>
<objectids-entry key="¤¤" objectid="197" type="MONITOR" value="3.8.187.97$tomcat$VM/Garbage Collector/PS MarkSweep/CollectionTime"/>
<objectids-entry key="¤¤" objectid="198" type="MONITOR" value="3.8.187.97$tomcat$VM/Garbage Collector/PS Scavenge/CollectionTime"/>
<objectids-entry key="¤¤" objectid="199" type="MONITOR" value="3.8.187.97$tomcat$Description/JVM"/>
<objectids-entry key="¤¤" objectid="200" type="MONITOR" value="3.8.187.97$tomcat$Description/Specification/Host"/>
<objectids-entry key="¤¤" objectid="201" type="MONITORED_HOST" value="NeoLoad"/>
<objectids-entry key="¤¤" objectid="202" type="MONITORCONNECTION" value="NeoLoad$NeoLoad"/>
<objectids-entry key="¤¤" objectid="203" type="MONITOR" value="NeoLoad$NeoLoad$UserLoad"/>
<objectids-entry key="¤¤" objectid="204" type="MONITOR" value="NeoLoad$NeoLoad$throughput"/>
<objectids-entry key="¤¤" objectid="205" type="MONITOR" value="NeoLoad$NeoLoad$Alerts"/>
<objectids-entry key="¤¤" objectid="206" type="MONITOR" value="NeoLoad$NeoLoad$CriticalAlerts"/>
<objectids-entry key="¤¤" objectid="207" type="MONITOR" value="NeoLoad$NeoLoad$WarningAlerts"/>
<objectids-entry key="¤¤" objectid="208" type="MONITOR" value="NeoLoad$NeoLoad$cpu"/>
<objectids-entry key="¤¤" objectid="209" type="THRESHOLD" value="NeoLoad$NeoLoad$92e3a76f-44fc-4c65-9d1c-f97445f51541"/>
<objectids-entry key="¤¤" objectid="210" type="MONITOR" value="NeoLoad$NeoLoad$memory"/>
<objectids-entry key="¤¤" objectid="211" type="THRESHOLD" value="NeoLoad$NeoLoad$bbb65ee3-f6c8-49a8-9ce6-07813fbe3321"/>
<objectids-entry key="¤¤" objectid="212" type="MONITOR" value="NeoLoad$NeoLoad$threadcount"/>
<objectids-entry key="¤¤" objectid="213" type="MONITOR" value="NeoLoad$NeoLoad$connectedlg"/>
<objectids-entry key="¤¤" objectid="214" type="MONITOR" value="NeoLoad$NeoLoad$totallgdisconnections"/>
<objectids-entry key="¤¤" objectid="215" type="THRESHOLD" value="NeoLoad$NeoLoad$747c91d5-457e-40a1-8427-12da9978e0da"/>
<objectids-entry key="¤¤" objectid="216" type="MONITOR" value="NeoLoad$NeoLoad$totallgreconnections"/>
<objectids-entry key="¤¤" objectid="217" type="MONITOR" value="NeoLoad$NeoLoad$otcp.NeoLoad"/>
<objectids-entry key="¤¤" objectid="218" type="MONITOR" value="NeoLoad$NeoLoad$tcp.NeoLoad"/>
<objectids-entry key="¤¤" objectid="219" type="MONITOR" value="NeoLoad$NeoLoad$ibytesperinterface~NeoLoad~wlan1"/>
<objectids-entry key="¤¤" objectid="220" type="MONITOR" value="NeoLoad$NeoLoad$obytesperinterface~NeoLoad~wlan1"/>
<objectids-entry key="¤¤" objectid="221" type="MONITOR" value="NeoLoad$NeoLoad$ibytesperinterface~NeoLoad~wlan0"/>
<objectids-entry key="¤¤" objectid="222" type="MONITOR" value="NeoLoad$NeoLoad$obytesperinterface~NeoLoad~wlan0"/>
<objectids-entry key="¤¤" objectid="223" type="MONITOR" value="NeoLoad$NeoLoad$ibytesperinterface~NeoLoad~eth10"/>
<objectids-entry key="¤¤" objectid="224" type="MONITOR" value="NeoLoad$NeoLoad$obytesperinterface~NeoLoad~eth10"/>
<objectids-entry key="¤¤" objectid="225" type="MONITOR" value="NeoLoad$NeoLoad$ibytesperinterface~NeoLoad~eth9"/>
<objectids-entry key="¤¤" objectid="226" type="MONITOR" value="NeoLoad$NeoLoad$obytesperinterface~NeoLoad~eth9"/>
<objectids-entry key="¤¤" objectid="227" type="MONITOR" value="NeoLoad$NeoLoad$nlwebdownload"/>
<objectids-entry key="¤¤" objectid="228" type="MONITOR" value="NeoLoad$NeoLoad$nlwebupload"/>
<objectids-entry key="¤¤" objectid="229" type="MONITOR" value="NeoLoad$NeoLoad$SapUserLoad"/>
<objectids-entry key="¤¤" objectid="230" type="MONITOR" value="NeoLoad$NeoLoad$CitrixUserLoad"/>
<objectids-entry key="¤¤" objectid="231" type="MONITOR" value="NeoLoad$NeoLoad$zoneuserload~Zone par défaut"/>
<objectids-entry key="¤¤" objectid="232" type="MONITOR" value="NeoLoad$NeoLoad$zoneuserloadperpopulation~Zone par défaut~Petstore"/>
<objectids-entry key="¤¤" objectid="233" type="MONITOR" value="NeoLoad$NeoLoad$zoneuserloadperpopulation~Zone par défaut~Petstore~Buyer"/>
<objectids-entry key="¤¤" objectid="234" type="MONITOR" value="NeoLoad$NeoLoad$zoneuserloadperpopulation~Zone par défaut~Petstore~Searcher_trycatch"/>
<objectids-entry key="¤¤" objectid="235" type="MONITORED_HOST" value="Injecteur localhost:7100"/>
<objectids-entry key="¤¤" objectid="236" type="MONITORCONNECTION" value="Injecteur localhost:7100$NeoLoad"/>
<objectids-entry key="¤¤" objectid="237" type="MONITOR" value="Injecteur localhost:7100$NeoLoad$lgcpu.localhost:7100"/>
<objectids-entry key="¤¤" objectid="238" type="THRESHOLD" value="Injecteur localhost:7100$NeoLoad$04b1bd3b-b4da-47cb-94c2-033fa5f7503b"/>
<objectids-entry key="¤¤" objectid="239" type="MONITOR" value="Injecteur localhost:7100$NeoLoad$lgmemory.localhost:7100"/>
<objectids-entry key="¤¤" objectid="240" type="THRESHOLD" value="Injecteur localhost:7100$NeoLoad$43553d78-cce2-4d6e-892b-04d9e49921d7"/>
<objectids-entry key="¤¤" objectid="241" type="MONITOR" value="Injecteur localhost:7100$NeoLoad$lgthroughput.localhost:7100"/>
<objectids-entry key="¤¤" objectid="242" type="MONITOR" value="Injecteur localhost:7100$NeoLoad$lguserloadperpopulation~localhost:7100"/>
<objectids-entry key="¤¤" objectid="243" type="MONITOR" value="Injecteur localhost:7100$NeoLoad$lgthreadcount.localhost:7100"/>
<objectids-entry key="¤¤" objectid="244" type="MONITOR" value="Injecteur localhost:7100$NeoLoad$lg.jetty.httpclient.threadpool.used.localhost:7100"/>
<objectids-entry key="¤¤" objectid="245" type="MONITOR" value="Injecteur localhost:7100$NeoLoad$lg.jetty.httpclient.taskpool.used.localhost:7100"/>
<objectids-entry key="¤¤" objectid="246" type="THRESHOLD" value="Injecteur localhost:7100$NeoLoad$4c751d9e-4e3a-48f9-9ec7-0937bafe9d61"/>
<objectids-entry key="¤¤" objectid="247" type="MONITOR" value="Injecteur localhost:7100$NeoLoad$lgdisconnections.localhost:7100"/>
<objectids-entry key="¤¤" objectid="248" type="MONITOR" value="Injecteur localhost:7100$NeoLoad$lgreconnections.localhost:7100"/>
<objectids-entry key="¤¤" objectid="249" type="MONITOR" value="Injecteur localhost:7100$NeoLoad$lgping.localhost:7100"/>
<objectids-entry key="¤¤" objectid="250" type="MONITOR" value="Injecteur localhost:7100$NeoLoad$lgotcp.localhost:7100"/>
<objectids-entry key="¤¤" objectid="251" type="MONITOR" value="Injecteur localhost:7100$NeoLoad$lgtcp.localhost:7100"/>
<objectids-entry key="¤¤" objectid="252" type="MONITOR" value="Injecteur localhost:7100$NeoLoad$lgibytesperinterface~localhost:7100~wlan1"/>
<objectids-entry key="¤¤" objectid="253" type="MONITOR" value="Injecteur localhost:7100$NeoLoad$lgobytesperinterface~localhost:7100~wlan1"/>
<objectids-entry key="¤¤" objectid="254" type="MONITOR" value="Injecteur localhost:7100$NeoLoad$lgibytesperinterface~localhost:7100~wlan0"/>
<objectids-entry key="¤¤" objectid="255" type="MONITOR" value="Injecteur localhost:7100$NeoLoad$lgobytesperinterface~localhost:7100~wlan0"/>
<objectids-entry key="¤¤" objectid="256" type="MONITOR" value="Injecteur localhost:7100$NeoLoad$lgibytesperinterface~localhost:7100~eth10"/>
<objectids-entry key="¤¤" objectid="257" type="MONITOR" value="Injecteur localhost:7100$NeoLoad$lgobytesperinterface~localhost:7100~eth10"/>
<objectids-entry key="¤¤" objectid="258" type="MONITOR" value="Injecteur localhost:7100$NeoLoad$lgibytesperinterface~localhost:7100~eth9"/>
<objectids-entry key="¤¤" objectid="259" type="MONITOR" value="Injecteur localhost:7100$NeoLoad$lgobytesperinterface~localhost:7100~eth9"/>
</objectids-table>
<!--****** DURATION ******-->
<duration value="600140"/>
<!--****** AGGREGATION PERIOD ******-->
<aggregation-period value="1000"/>
<!--****** EXTENDED STATISTICS ******-->
<truncated-mean centered-interval="true" percentage="90"/>
<percentile percentage="50"/>
</project>
